nrc_school_code,school_name,district,city,school_type,grade_levels,act_composite,grad_rate,outcome_censored,ela_proficient_pct,math_proficient_pct,chronic_absent_pct,enrollment_nrc,el_pct,iep_pct,frl_pct_reported,ncessch,lea_name,locale_group,charter,enrollment_ccd,latitude,longitude,frl_pct_ccd,direct_cert_pct,start_minutes,start_time_source,start_time_url,school_id,enrollment,poverty_pct,enrollment_1000,start_hours,start_group,poverty_band
01401,Churchill County High School,Churchill,Fallon,Regular School,09-12,17.07,79.75,False,45.3,17.9,39.6,1054.0,3.7,16.6,100.0,320003000001,CHURCHILL COUNTY SCHOOL DISTRICT,Town,0,1054.0,39.463251,-118.784108,100.0,40.79696394686907,,,,01401,1054.0,40.79696394686907,1.054,,,Upper middle
02320,Sandy Valley Jr/Sr High School,Clark,Sandy Valley,Regular School,06-12,16.53,97.5,True,41.1,14.7,35.4,188.0,14.9,13.3,100.0,320006000304,CLARK COUNTY SCHOOL DISTRICT,Rural,0,188.0,35.813294,-115.610032,100.0,60.1063829787234,475.0,district document,https://ewscripps.brightspotcdn.com/8d/09/49c15ff94026813f63113026bd4a/2022-2023-ccsd-school-start-end-times.pdf,02320,188.0,60.1063829787234,0.188,7.916666666666667,Early,Highest poverty
02321,Laughlin Jr/Sr High School,Clark,Laughlin,Regular School,06-12,15.88,81.25,False,35.4,8.3,44.7,395.0,6.1,13.7,100.0,320006000408,CLARK COUNTY SCHOOL DISTRICT,Rural,0,395.0,35.163729,-114.614471,99.49367088607596,57.9746835443038,450.0,district document,https://ewscripps.brightspotcdn.com/8d/09/49c15ff94026813f63113026bd4a/2022-2023-ccsd-school-start-end-times.pdf,02321,395.0,57.9746835443038,0.395,7.5,Early,Highest poverty
02330,West Preparatory Academy at Charles I. West Hall,Clark,Las Vegas,Regular School,06-12,16.3,93.98,False,34.1,18.2,42.5,1231.0,25.7,16.3,100.0,320006000460,CLARK COUNTY SCHOOL DISTRICT,City,0,1231.0,36.194116,-115.167043,99.91876523151907,72.38017871649066,480.0,district document,https://ewscripps.brightspotcdn.com/8d/09/49c15ff94026813f63113026bd4a/2022-2023-ccsd-school-start-end-times.pdf,02330,1231.0,72.38017871649066,1.231,8.0,Late,Highest poverty
02363,Innovations International Charter School of NV ,Clark,Las Vegas,District Sponsored Charter School,06-12,14.36,85.71,False,28.0,2.5,50.7,346.0,26.9,16.2,100.0,320006000749,CLARK COUNTY SCHOOL DISTRICT,City,1,346.0,36.144524,-115.141544,100.0,65.02890173410404,,,,02363,346.0,65.02890173410404,0.346,,,Highest poverty
02401,Ed W. Clark High School,Clark,Las Vegas,Regular School,09-12,17.62,86.07,False,43.7,25.4,46.8,3094.0,24.5,10.9,100.0,320006000030,CLARK COUNTY SCHOOL DISTRICT,City,0,3094.0,36.136305,-115.198001,99.96767937944408,55.268261150614094,,,,02401,3094.0,55.268261150614094,3.094,,,Highest poverty
02402,Las Vegas High School,Clark,Las Vegas,Regular School,09-12,15.14,93.49,False,27.0,7.9,56.5,2737.0,24.4,10.4,100.0,320006000065,CLARK COUNTY SCHOOL DISTRICT,Suburb,0,2737.0,36.146428,-115.032792,99.9634636463281,52.75849470222872,420.0,district document,https://ewscripps.brightspotcdn.com/8d/09/49c15ff94026813f63113026bd4a/2022-2023-ccsd-school-start-end-times.pdf,02402,2737.0,52.75849470222872,2.737,7.0,Early,Highest poverty
02403,Rancho High School,Clark,Las Vegas,Regular School,09-12,15.71,93.9,False,29.9,14.3,44.9,3064.0,21.9,10.6,100.0,320006000089,CLARK COUNTY SCHOOL DISTRICT,Suburb,0,3064.0,36.185561,-115.1227,100.0,59.10574412532637,420.0,district document,https://ewscripps.brightspotcdn.com/8d/09/49c15ff94026813f63113026bd4a/2022-2023-ccsd-school-start-end-times.pdf,02403,3064.0,59.10574412532637,3.064,7.0,Early,Highest poverty
02404,Valley High School International Baccalaureate and Academy of Hospitality and Tourism,Clark,Las Vegas,Regular School,09-12,14.7,84.29,False,21.6,7.3,61.6,2714.0,27.7,11.4,100.0,320006000107,CLARK COUNTY SCHOOL DISTRICT,Suburb,0,2714.0,36.138354,-115.121895,99.96315401621224,62.7855563743552,430.0,district document,https://ewscripps.brightspotcdn.com/8d/09/49c15ff94026813f63113026bd4a/2022-2023-ccsd-school-start-end-times.pdf,02404,2714.0,62.7855563743552,2.714,7.166666666666667,Early,Highest poverty
02405,Western High School,Clark,Las Vegas,Regular School,09-12,14.07,81.03,False,13.9,2.5,57.3,2949.0,30.9,13.3,100.0,320006000114,CLARK COUNTY SCHOOL DISTRICT,City,0,2949.0,36.176163,-115.202879,99.96609020006782,63.47914547304171,420.0,district document,https://ewscripps.brightspotcdn.com/8d/09/49c15ff94026813f63113026bd4a/2022-2023-ccsd-school-start-end-times.pdf,02405,2949.0,63.47914547304171,2.949,7.0,Early,Highest poverty
02406,Basic High School,Clark,Henderson,Regular School,09-12,15.8,91.27,False,37.4,9.7,49.9,2605.0,9.9,15.7,100.0,320006000007,CLARK COUNTY SCHOOL DISTRICT,City,0,2605.0,36.033947,-114.962065,99.8464491362764,48.94433781190019,420.0,district document,https://ewscripps.brightspotcdn.com/8d/09/49c15ff94026813f63113026bd4a/2022-2023-ccsd-school-start-end-times.pdf,02406,2605.0,48.94433781190019,2.605,7.0,Early,Highest poverty
02409,Chaparral High School,Clark,Las Vegas,Regular School,09-12,13.93,74.63,False,12.2,2.5,59.4,2256.0,24.7,14.0,100.0,320006000018,CLARK COUNTY SCHOOL DISTRICT,City,0,2256.0,36.119976,-115.087715,99.91134751773048,61.87943262411348,420.0,district document,https://ewscripps.brightspotcdn.com/8d/09/49c15ff94026813f63113026bd4a/2022-2023-ccsd-school-start-end-times.pdf,02409,2256.0,61.87943262411348,2.256,7.0,Early,Highest poverty
02410,Eldorado High School,Clark,Las Vegas,Regular School,09-12,14.74,87.74,False,25.6,7.4,56.3,2084.0,26.6,14.6,100.0,320006000032,CLARK COUNTY SCHOOL DISTRICT,Suburb,0,2084.0,36.180519,-115.049452,99.95201535508636,55.326295585412666,420.0,district document,https://ewscripps.brightspotcdn.com/8d/09/49c15ff94026813f63113026bd4a/2022-2023-ccsd-school-start-end-times.pdf,02410,2084.0,55.326295585412666,2.084,7.0,Early,Highest poverty
02411,Bonanza High School,Clark,Las Vegas,Regular School,09-12,15.17,90.61,False,27.7,7.7,48.0,2035.0,19.8,13.8,100.0,320006000011,CLARK COUNTY SCHOOL DISTRICT,City,0,2035.0,36.154497,-115.237227,99.95085995085996,54.5945945945946,420.0,district document,https://ewscripps.brightspotcdn.com/8d/09/49c15ff94026813f63113026bd4a/2022-2023-ccsd-school-start-end-times.pdf,02411,2035.0,54.5945945945946,2.035,7.0,Early,Highest poverty
02412,Southeast Career and Technical Academy,Clark,Las Vegas,Regular School,09-12,19.2,97.5,True,73.0,32.0,19.5,2006.0,6.9,7.7,100.0,320006000796,CLARK COUNTY SCHOOL DISTRICT,City,0,2006.0,36.082783,-115.069321,99.95014955134596,34.64606181455633,,,,02412,2006.0,34.64606181455633,2.006,,,Upper middle
02414,Cimarron-Memorial High School,Clark,Las Vegas,Regular School,09-12,14.8,90.66,False,22.5,6.7,50.0,2503.0,16.0,12.1,100.0,320006000406,CLARK COUNTY SCHOOL DISTRICT,City,0,2503.0,36.201567,-115.252427,99.96004794246905,57.97043547742709,420.0,district document,https://ewscripps.brightspotcdn.com/8d/09/49c15ff94026813f63113026bd4a/2022-2023-ccsd-school-start-end-times.pdf,02414,2503.0,57.97043547742709,2.503,7.0,Early,Highest poverty
02415,Cheyenne High School,Clark,N  Las Vegas,Regular School,09-12,14.33,75.48,False,17.8,2.5,60.1,2110.0,16.2,14.8,100.0,320006000405,CLARK COUNTY SCHOOL DISTRICT,Suburb,0,2110.0,36.234043,-115.183638,99.95260663507108,55.40284360189573,420.0,district document,https://ewscripps.brightspotcdn.com/8d/09/49c15ff94026813f63113026bd4a/2022-2023-ccsd-school-start-end-times.pdf,02415,2110.0,55.40284360189573,2.11,7.0,Early,Highest poverty
02416,Green Valley High School,Clark,Henderson,Regular School,09-12,17.97,92.58,False,56.2,19.9,35.3,2617.0,5.2,11.1,100.0,320006000407,CLARK COUNTY SCHOOL DISTRICT,City,0,2617.0,36.057642,-115.053364,99.88536492166602,34.50515857852503,420.0,district document,https://ewscripps.brightspotcdn.com/8d/09/49c15ff94026813f63113026bd4a/2022-2023-ccsd-school-start-end-times.pdf,02416,2617.0,34.50515857852503,2.617,7.0,Early,Upper middle
02417,Durango High School,Clark,Las Vegas,Regular School,09-12,15.93,86.09,False,32.2,14.0,47.2,2330.0,13.8,11.5,100.0,320006000276,CLARK COUNTY SCHOOL DISTRICT,Suburb,0,2330.0,36.088577,-115.247477,99.95708154506438,48.62660944206009,420.0,district document,https://ewscripps.brightspotcdn.com/8d/09/49c15ff94026813f63113026bd4a/2022-2023-ccsd-school-start-end-times.pdf,02417,2330.0,48.62660944206009,2.33,7.0,Early,Highest poverty
02418,Las Vegas Academy of the Arts,Clark,Las Vegas,Regular School,09-12,22.01,97.5,True,92.0,43.3,18.5,1737.0,2.1,4.7,100.0,320006000277,CLARK COUNTY SCHOOL DISTRICT,City,0,1737.0,36.165335,-115.139766,99.59700633275764,22.9706390328152,420.0,district document,https://ewscripps.brightspotcdn.com/8d/09/49c15ff94026813f63113026bd4a/2022-2023-ccsd-school-start-end-times.pdf,02418,1737.0,22.9706390328152,1.737,7.0,Early,Lower middle
02420,Advanced Technologies Academy,Clark,Las Vegas,Regular School,09-12,24.11,97.5,True,91.3,71.8,13.9,1195.0,3.1,4.6,100.0,320006000419,CLARK COUNTY SCHOOL DISTRICT,City,0,1195.0,36.186245,-115.176863,99.9163179916318,29.456066945606693,445.0,district document,https://ewscripps.brightspotcdn.com/8d/09/49c15ff94026813f63113026bd4a/2022-2023-ccsd-school-start-end-times.pdf,02420,1195.0,29.456066945606693,1.195,7.416666666666667,Early,Lower middle
02421,Silverado College Preparatory & Career/Technical High School,Clark,Las Vegas,Regular School,09-12,16.91,91.55,False,46.8,17.8,41.1,2096.0,8.4,13.8,100.0,320006000420,CLARK COUNTY SCHOOL DISTRICT,City,0,2096.0,36.02351,-115.130568,99.95229007633588,40.12404580152672,420.0,district document,https://ewscripps.brightspotcdn.com/8d/09/49c15ff94026813f63113026bd4a/2022-2023-ccsd-school-start-end-times.pdf,02421,2096.0,40.12404580152672,2.096,7.0,Early,Upper middle
02422,College of Southern Nevada High School East,Clark,N  Las Vegas,Regular School,11-12,20.77,97.5,True,90.7,36.9,13.3,127.0,0.0,,0.0,320006000443,CLARK COUNTY SCHOOL DISTRICT,Suburb,0,127.0,36.222345,-115.105665,2.3622047244094486,2.3622047244094486,,,,02422,127.0,2.3622047244094486,0.127,,,Lowest poverty
02423,College of Southern Nevada High School West,Clark,Las Vegas,Regular School,11-12,23.09,97.5,True,93.5,62.3,16.0,187.0,0.0,0.0,0.0,320006000444,CLARK COUNTY SCHOOL DISTRICT,City,0,187.0,36.154666,-115.233753,1.60427807486631,1.60427807486631,,,,02423,187.0,1.60427807486631,0.187,,,Lowest poverty
02424,Mojave High School,Clark,N  Las Vegas,Regular School,09-12,14.55,82.43,False,23.8,2.5,60.8,2758.0,18.0,14.4,100.0,320006000445,CLARK COUNTY SCHOOL DISTRICT,Suburb,0,2758.0,36.256161,-115.138327,99.92748368382888,57.940536620739664,420.0,district document,https://ewscripps.brightspotcdn.com/8d/09/49c15ff94026813f63113026bd4a/2022-2023-ccsd-school-start-end-times.pdf,02424,2758.0,57.940536620739664,2.758,7.0,Early,Highest poverty
02425,Palo Verde High School,Clark,Las Vegas,Regular School,09-12,19.39,97.5,True,64.9,35.2,36.4,3186.0,6.4,7.3,100.0,320006000446,CLARK COUNTY SCHOOL DISTRICT,City,0,3186.0,36.171326,-115.33257,100.0,25.58066541117389,420.0,district document,https://ewscripps.brightspotcdn.com/8d/09/49c15ff94026813f63113026bd4a/2022-2023-ccsd-school-start-end-times.pdf,02425,3186.0,25.58066541117389,3.186,7.0,Early,Lower middle
02426,College of Southern Nevada High School South,Clark,Henderson,Regular School,11-12,24.6,97.5,True,97.5,67.7,13.3,119.0,0.0,0.0,0.0,320006000463,CLARK COUNTY SCHOOL DISTRICT,City,0,119.0,36.007563,-114.965858,2.5210084033613445,2.5210084033613445,,,,02426,119.0,2.5210084033613445,0.119,,,Lowest poverty
02427,Shadow Ridge High School,Clark,Las Vegas,Regular School,09-12,18.58,93.94,False,61.0,28.3,35.7,3243.0,4.9,10.6,100.0,320006000595,CLARK COUNTY SCHOOL DISTRICT,City,0,3243.0,36.318921,-115.210867,99.93832870798644,27.166204131976563,420.0,district document,https://ewscripps.brightspotcdn.com/8d/09/49c15ff94026813f63113026bd4a/2022-2023-ccsd-school-start-end-times.pdf,02427,3243.0,27.166204131976563,3.243,7.0,Early,Lower middle
02428,Liberty High School,Clark,Henderson,Regular School,09-12,17.48,92.05,False,51.9,18.1,41.8,3240.0,5.2,10.3,100.0,320006000604,CLARK COUNTY SCHOOL DISTRICT,City,0,3240.0,35.988943,-115.153463,100.0,33.7962962962963,420.0,district document,https://ewscripps.brightspotcdn.com/8d/09/49c15ff94026813f63113026bd4a/2022-2023-ccsd-school-start-end-times.pdf,02428,3240.0,33.7962962962963,3.24,7.0,Early,Upper middle
02429,Canyon Springs High School and the Leadership and Law Preparatory Academy,Clark,N  Las Vegas,Regular School,09-12,15.22,82.72,False,34.6,6.3,49.0,2719.0,23.3,13.7,100.0,320006000567,CLARK COUNTY SCHOOL DISTRICT,Suburb,0,2719.0,36.233566,-115.135695,99.96322177271055,64.14122839279146,420.0,district document,https://ewscripps.brightspotcdn.com/8d/09/49c15ff94026813f63113026bd4a/2022-2023-ccsd-school-start-end-times.pdf,02429,2719.0,64.14122839279146,2.719,7.0,Early,Highest poverty
02430,Del Sol Academy of the Performing Arts,Clark,Las Vegas,Regular School,09-12,15.45,93.31,False,30.5,6.6,46.7,2511.0,21.4,12.5,100.0,320006000571,CLARK COUNTY SCHOOL DISTRICT,City,0,2511.0,36.080564,-115.10798,99.92035045798488,56.23257666268419,,,,02430,2511.0,56.23257666268419,2.511,,,Highest poverty
02431,Spring Valley High School,Clark,Las Vegas,Regular School,09-12,17.93,93.73,False,62.5,25.0,37.5,2668.0,9.8,8.1,100.0,320006000616,CLARK COUNTY SCHOOL DISTRICT,Suburb,0,2668.0,36.120901,-115.259135,99.92503748125937,42.57871064467766,420.0,district document,https://ewscripps.brightspotcdn.com/8d/09/49c15ff94026813f63113026bd4a/2022-2023-ccsd-school-start-end-times.pdf,02431,2668.0,42.57871064467766,2.668,7.0,Early,Upper middle
02432,Veterans Tribute Career and Technical Academy,Clark,Las Vegas,Regular School,09-12,19.21,97.5,True,67.5,28.4,25.7,824.0,5.5,6.4,100.0,320006000778,CLARK COUNTY SCHOOL DISTRICT,City,0,824.0,36.188103,-115.177192,100.0,37.37864077669903,445.0,district document,https://ewscripps.brightspotcdn.com/8d/09/49c15ff94026813f63113026bd4a/2022-2023-ccsd-school-start-end-times.pdf,02432,824.0,37.37864077669903,0.824,7.416666666666667,Early,Upper middle
02433,Southwest Career and Technical Academy,Clark,Las Vegas,Regular School,09-12,20.84,97.5,True,79.4,39.5,18.5,1591.0,3.4,5.3,100.0,320006000780,CLARK COUNTY SCHOOL DISTRICT,Suburb,0,1591.0,36.038155,-115.247086,100.0,19.73601508485229,,,,02433,1591.0,19.73601508485229,1.591,,,Lower middle
02434,Sunrise Mountain High School,Clark,Las Vegas,Regular School,09-12,14.31,86.43,False,20.3,2.5,63.3,2622.0,29.3,13.9,100.0,320006000777,CLARK COUNTY SCHOOL DISTRICT,Suburb,0,2622.0,36.20512,-115.019491,100.0,62.738367658276125,420.0,district document,https://ewscripps.brightspotcdn.com/8d/09/49c15ff94026813f63113026bd4a/2022-2023-ccsd-school-start-end-times.pdf,02434,2622.0,62.738367658276125,2.622,7.0,Early,Highest poverty
02435,West Career and Technical Academy,Clark,Las Vegas,Regular School,09-12,23.2,97.5,True,89.6,57.5,12.2,1506.0,2.1,2.3,100.0,320006000812,CLARK COUNTY SCHOOL DISTRICT,Rural,0,1506.0,36.158356,-115.354566,99.800796812749,17.729083665338646,,,,02435,1506.0,17.729083665338646,1.506,,,Lower middle
02601,Boulder City High School,Clark,Boulder City,Regular School,09-12,19.31,88.46,False,69.8,42.5,28.4,665.0,,13.2,100.0,320006000013,CLARK COUNTY SCHOOL DISTRICT,Town,0,665.0,35.971797,-114.833985,100.0,20.30075187969925,420.0,district document,https://ewscripps.brightspotcdn.com/8d/09/49c15ff94026813f63113026bd4a/2022-2023-ccsd-school-start-end-times.pdf,02601,665.0,20.30075187969925,0.665,7.0,Early,Lower middle
02602,Moapa Valley Innovative High School,Clark,Overton,Regular School,09-12,19.49,97.5,True,70.5,38.7,42.6,573.0,2.4,9.1,100.0,320006000078,CLARK COUNTY SCHOOL DISTRICT,Town,0,573.0,36.5845,-114.4586,100.0,19.720767888307154,435.0,district document,https://ewscripps.brightspotcdn.com/8d/09/49c15ff94026813f63113026bd4a/2022-2023-ccsd-school-start-end-times.pdf,02602,573.0,19.720767888307154,0.573,7.25,Early,Lower middle
02603,Virgin Valley High School,Clark,Mesquite,Regular School,09-12,16.6,82.13,False,41.8,20.1,35.2,780.0,14.6,14.9,100.0,320006000111,CLARK COUNTY SCHOOL DISTRICT,Town,0,780.0,36.814001,-114.051279,99.87179487179488,35.8974358974359,435.0,district document,https://ewscripps.brightspotcdn.com/8d/09/49c15ff94026813f63113026bd4a/2022-2023-ccsd-school-start-end-times.pdf,02603,780.0,35.8974358974359,0.78,7.25,Early,Upper middle
02604,Indian Springs High School,Clark,Indian Springs,Regular School,09-12,16.79,97.5,True,34.4,13.7,28.2,116.0,,14.7,100.0,320006000686,CLARK COUNTY SCHOOL DISTRICT,Rural,0,116.0,36.574247,-115.676645,100.0,38.793103448275865,480.0,district document,https://ewscripps.brightspotcdn.com/8d/09/49c15ff94026813f63113026bd4a/2022-2023-ccsd-school-start-end-times.pdf,02604,116.0,38.793103448275865,0.116,8.0,Late,Upper middle
02607,Centennial High School,Clark,Las Vegas,Regular School,09-12,16.84,92.7,False,42.9,19.6,41.5,2865.0,5.3,10.2,100.0,320006000493,CLARK COUNTY SCHOOL DISTRICT,City,0,2865.0,36.279102,-115.319965,99.9650959860384,36.40488656195463,420.0,district document,https://ewscripps.brightspotcdn.com/8d/09/49c15ff94026813f63113026bd4a/2022-2023-ccsd-school-start-end-times.pdf,02607,2865.0,36.40488656195463,2.865,7.0,Early,Upper middle
02608,Foothill High School,Clark,Henderson,Regular School,09-12,18.59,89.2,False,62.2,28.6,35.0,2383.0,3.0,13.1,100.0,320006000494,CLARK COUNTY SCHOOL DISTRICT,City,0,2383.0,36.004826,-114.965936,99.9580360889635,27.150650440621067,420.0,district document,https://ewscripps.brightspotcdn.com/8d/09/49c15ff94026813f63113026bd4a/2022-2023-ccsd-school-start-end-times.pdf,02608,2383.0,27.150650440621067,2.383,7.0,Early,Lower middle
02609,Institute for Integrated Studies at Desert Pines High School,Clark,Las Vegas,Regular School,09-12,14.57,76.68,False,21.7,2.5,61.8,3151.0,29.8,13.2,100.0,320006000495,CLARK COUNTY SCHOOL DISTRICT,City,0,3151.0,36.178674,-115.092904,99.9365280863218,66.77245318946366,,,,02609,3151.0,66.77245318946366,3.151,,,Highest poverty
02611,Sierra Vista High School,Clark,Las Vegas,Regular School,09-12,16.89,90.05,False,38.5,17.3,43.5,2998.0,8.3,9.1,100.0,320006000539,CLARK COUNTY SCHOOL DISTRICT,Suburb,0,2998.0,36.04969,-115.268422,99.96664442961976,38.792528352234825,420.0,district document,https://ewscripps.brightspotcdn.com/8d/09/49c15ff94026813f63113026bd4a/2022-2023-ccsd-school-start-end-times.pdf,02611,2998.0,38.792528352234825,2.998,7.0,Early,Upper middle
02612,Coronado High School,Clark,Henderson,Regular School,09-12,20.74,93.83,False,69.8,43.3,28.8,3365.0,3.6,7.6,100.0,320006000540,CLARK COUNTY SCHOOL DISTRICT,City,0,3365.0,35.993971,-115.111466,99.9702823179792,18.365527488855868,420.0,district document,https://ewscripps.brightspotcdn.com/8d/09/49c15ff94026813f63113026bd4a/2022-2023-ccsd-school-start-end-times.pdf,02612,3365.0,18.365527488855868,3.365,7.0,Early,Lower middle
02614,Odyssey Charter High School,Clark,Las Vegas,District Sponsored Charter School,09-12,16.9,88.22,False,48.2,8.8,7.5,1364.0,5.7,12.0,0.0,320006000609,CLARK COUNTY SCHOOL DISTRICT,City,1,1364.0,36.146949,-115.226415,0.219941348973607,0.219941348973607,,,,02614,1364.0,0.219941348973607,1.364,,,Lowest poverty
02616,Explore Knowledge Academy Charter Secondary,Clark,Las Vegas,District Sponsored Charter School,06-12,20.62,97.5,True,80.9,28.5,12.6,300.0,6.3,12.3,0.0,320006000707,CLARK COUNTY SCHOOL DISTRICT,City,1,300.0,36.08226,-115.073761,1.0,1.0,,,,02616,300.0,1.0,0.3,,,Lowest poverty
02618,Arbor View High School,Clark,Las Vegas,Regular School,09-12,17.79,94.82,False,49.0,21.1,34.8,3251.0,3.2,10.3,100.0,320006000661,CLARK COUNTY SCHOOL DISTRICT,City,0,3251.0,36.302474,-115.257513,99.81544140264532,27.31467240848969,420.0,district document,https://ewscripps.brightspotcdn.com/8d/09/49c15ff94026813f63113026bd4a/2022-2023-ccsd-school-start-end-times.pdf,02618,3251.0,27.31467240848969,3.251,7.0,Early,Lower middle
02619,Legacy High School,Clark,N  Las Vegas,Regular School,09-12,14.94,83.33,False,20.9,6.7,50.3,2750.0,10.1,14.6,100.0,320006000714,CLARK COUNTY SCHOOL DISTRICT,Suburb,0,2750.0,36.284568,-115.141605,100.0,45.96363636363636,420.0,district document,https://ewscripps.brightspotcdn.com/8d/09/49c15ff94026813f63113026bd4a/2022-2023-ccsd-school-start-end-times.pdf,02619,2750.0,45.96363636363636,2.75,7.0,Early,Highest poverty
02620,Northwest Career and Technical Academy,Clark,Las Vegas,Regular School,09-12,20.47,97.5,True,81.7,38.7,14.7,1923.0,3.5,5.8,100.0,320006000755,CLARK COUNTY SCHOOL DISTRICT,City,0,1923.0,36.27207,-115.273711,100.0,21.99687987519501,,,,02620,1923.0,21.99687987519501,1.923,,,Lower middle
02621,Delta Academy,Clark,North Las Vegas,District Sponsored Charter School,06-12,15.6,68.81,False,22.7,5.4,10.4,1141.0,10.2,11.0,100.0,320006000745,CLARK COUNTY SCHOOL DISTRICT,Suburb,1,1141.0,36.214673,-115.152421,99.91235758106924,54.42594215600351,,,,02621,1141.0,54.42594215600351,1.141,,,Highest poverty
02623,Desert Oasis High School,Clark,Las Vegas,Regular School,09-12,17.21,89.02,False,47.3,20.8,35.9,3131.0,6.6,8.9,100.0,320006000754,CLARK COUNTY SCHOOL DISTRICT,Rural,0,3131.0,35.992219,-115.237358,100.0,30.405621207282017,420.0,district document,https://ewscripps.brightspotcdn.com/8d/09/49c15ff94026813f63113026bd4a/2022-2023-ccsd-school-start-end-times.pdf,02623,3131.0,30.405621207282017,3.131,7.0,Early,Upper middle
02624,East Career and Technical Academy,Clark,Las Vegas,Regular School,09-12,18.34,97.5,True,67.3,26.1,26.6,1988.0,10.2,4.9,100.0,320006000748,CLARK COUNTY SCHOOL DISTRICT,Rural,0,1988.0,36.136217,-115.026679,100.0,40.19114688128773,420.0,district document,https://ewscripps.brightspotcdn.com/8d/09/49c15ff94026813f63113026bd4a/2022-2023-ccsd-school-start-end-times.pdf,02624,1988.0,40.19114688128773,1.988,7.0,Early,Upper middle
02941,Clark Adult Program,Clark,Las Vegas,Adult Education,AD-AD,,2.5,True,,,,,,,,320006000795,CLARK COUNTY SCHOOL DISTRICT,City,0,4559.0,36.148329,-115.111708,0.0658039043649923,0.0658039043649923,,,,02941,4559.0,0.0658039043649923,4.559,,,Lowest poverty
02625,Nevada Learning Academy at CCSD,Clark,Las Vegas,Regular School,06-12,16.18,70.65,False,30.4,6.4,59.9,3137.0,12.3,19.1,0.0,320006000845,CLARK COUNTY SCHOOL DISTRICT,City,0,3137.0,36.115832,-115.109201,0.0956327701625757,0.0956327701625757,,,,02625,3137.0,0.0956327701625757,3.137,,,Lowest poverty
03501,Douglas High School,Douglas,Minden,Regular School,09-12,18.09,91.69,False,47.6,27.4,27.6,1643.0,3.8,10.9,22.3,320009000120,DOUGLAS COUNTY SCHOOL DISTRICT,Town,0,1643.0,38.95844,-119.780736,22.33718807060256,18.68533171028606,,,,03501,1643.0,18.68533171028606,1.643,,,Lower middle
03502,George Whittell High School,Douglas,Zephyr Cove,Regular School,06-12,,89.47,False,46.1,15.3,35.1,152.0,,9.9,22.4,320009000122,DOUGLAS COUNTY SCHOOL DISTRICT,Rural,0,152.0,39.013978,-119.942119,22.36842105263158,13.157894736842104,,,,03502,152.0,13.157894736842104,0.152,,,Lowest poverty
04603,Elko High School,Elko,Elko,Regular School,09-12,17.01,81.53,False,40.9,16.9,37.4,1424.0,5.1,12.3,31.0,320012000130,ELKO COUNTY SCHOOL DISTRICT,Town,0,1424.0,40.839167,-115.761052,31.03932584269663,20.85674157303371,,,,04603,1424.0,20.85674157303371,1.424,,,Lower middle
04606,Spring Creek High School,Elko,Spring Creek,Regular School,09-12,17.96,90.96,False,48.6,22.4,37.2,909.0,1.3,13.3,15.8,320012000330,ELKO COUNTY SCHOOL DISTRICT,Rural,0,909.0,40.77441,-115.642822,15.84158415841584,9.46094609460946,,,,04606,909.0,9.46094609460946,0.909,,,Lowest poverty
04607,West Wendover High School,Elko,West Wendover,Regular School,09-12,14.82,92.21,False,19.4,6.9,28.6,318.0,17.0,12.6,47.2,320012000449,ELKO COUNTY SCHOOL DISTRICT,Town,0,318.0,40.732559,-114.083553,47.16981132075472,31.132075471698112,,,,04607,318.0,31.132075471698112,0.318,,,Upper middle
04610,Northeastern Nevada Virtual Academy,Elko,Elko,Regular School,KG-12,16.11,65.79,False,28.0,7.1,,105.0,,13.3,,320012000839,ELKO COUNTY SCHOOL DISTRICT,Town,0,105.0,40.84013,-115.766751,6.666666666666667,5.714285714285714,,,,04610,105.0,5.714285714285714,0.105,,,Lowest poverty
06601,Eureka County High School,Eureka,Eureka,Regular School,07-12,18.14,97.5,True,45.4,31.8,25.1,161.0,,16.1,29.2,320018000148,EUREKA COUNTY SCHOOL DISTRICT,Rural,0,161.0,39.514075,-115.96722,29.19254658385093,26.08695652173913,,,,06601,161.0,26.08695652173913,0.161,,,Lower middle
07501,Albert M. Lowry High School,Humboldt,Winnemucca,Regular School,09-12,16.28,97.5,True,37.3,11.4,41.0,947.0,6.9,16.5,37.7,320021000149,HUMBOLDT COUNTY SCHOOL DISTRICT,Town,0,947.0,40.971603,-117.708087,37.69799366420275,25.55438225976769,,,,07501,947.0,25.55438225976769,0.947,,,Lower middle
08601,Battle Mountain High School,Lander,Battle Mountain,Regular School,09-12,16.46,85.53,False,51.0,6.3,43.0,294.0,6.1,13.3,39.8,320024000163,LANDER COUNTY SCHOOL DISTRICT,Town,0,294.0,40.634918,-116.942274,39.795918367346935,22.789115646258505,,,,08601,294.0,22.789115646258505,0.294,,,Lower middle
09501,Lincoln County High School,Lincoln,Panaca,Regular School,09-12,17.19,97.5,True,37.4,18.7,29.5,169.0,,7.7,40.2,320027000168,LINCOLN COUNTY SCHOOL DISTRICT,Rural,0,169.0,37.793068,-114.386742,40.23668639053255,23.66863905325444,,,,09501,169.0,23.66863905325444,0.169,,,Lower middle
10601,Fernley High School,Lyon,Fernley,Regular School,09-12,16.46,84.35,False,34.8,12.2,42.9,1308.0,3.4,13.7,33.6,320030000176,LYON COUNTY SCHOOL DISTRICT,Town,0,1308.0,39.581889,-119.242858,33.63914373088685,26.91131498470948,,,,10601,1308.0,26.91131498470948,1.308,,,Lower middle
10602,Smith Valley Schools,Lyon,Smith,Regular School,PK-12,15.77,97.5,True,23.8,14.2,32.4,209.0,,6.2,15.8,320030000178,LYON COUNTY SCHOOL DISTRICT,Rural,0,209.0,38.80267,-119.327526,15.789473684210526,12.91866028708134,,,,10602,209.0,12.91866028708134,0.209,,,Lowest poverty
10603,Yerington High School,Lyon,Yerington,Regular School,09-12,15.17,86.46,False,24.1,2.5,44.1,394.0,9.1,12.9,46.2,320030000180,LYON COUNTY SCHOOL DISTRICT,Town,0,394.0,38.990646,-119.160937,46.192893401015226,32.994923857868024,,,,10603,394.0,32.994923857868024,0.394,,,Upper middle
10605,Silver Stage High School,Lyon,Silver Springs,Regular School,09-12,15.02,91.78,False,26.9,9.5,45.0,333.0,,22.5,100.0,320030000555,LYON COUNTY SCHOOL DISTRICT,Rural,0,333.0,39.388703,-119.285354,100.0,47.147147147147145,,,,10605,333.0,47.147147147147145,0.333,,,Highest poverty
11601,Mineral County High School,Mineral,Hawthorne,Regular School,09-12,14.39,74.19,False,21.9,2.5,37.7,147.0,,7.5,100.0,320033000183,MINERAL COUNTY SCHOOL DISTRICT,Town,0,147.0,38.526407,-118.629443,100.0,44.21768707482993,,,,11601,147.0,44.21768707482993,0.147,,,Upper middle
12601,Beatty High School,Nye,Beatty,Regular School,09-12,15.36,87.5,False,27.2,2.5,26.6,108.0,25.9,10.2,100.0,320036000187,NYE COUNTY SCHOOL DISTRICT,Rural,0,108.0,36.901163,-116.758142,100.0,58.333333333333336,,,,12601,108.0,58.333333333333336,0.108,,,Highest poverty
12603,Tonopah High School,Nye,Tonopah,Regular School,09-12,16.18,92.31,False,27.4,2.5,38.8,107.0,,15.9,100.0,320036000195,NYE COUNTY SCHOOL DISTRICT,Rural,0,107.0,38.058361,-117.213971,100.0,35.51401869158879,,,,12603,107.0,35.51401869158879,0.107,,,Upper middle
12604,Pahrump Valley High School,Nye,Pahrump,Regular School,09-12,16.32,85.0,False,36.8,9.0,42.0,1362.0,6.6,14.8,100.0,320036000192,NYE COUNTY SCHOOL DISTRICT,Town,0,1362.0,36.190057,-116.005345,100.0,54.55212922173275,,,,12604,1362.0,54.55212922173275,1.362,,,Highest poverty
13501,Carson High School,Carson City,Carson City,Regular School,09-12,17.46,92.26,False,45.9,22.3,34.3,2289.0,9.5,12.3,39.3,320039000280,CARSON CITY SCHOOL DISTRICT,City,0,2289.0,39.16908,-119.748958,39.27479248580166,31.36740934906073,,,,13501,2289.0,31.36740934906073,2.289,,,Upper middle
13903,Pioneer Academy,Carson City,Carson City,Regular School,01-12,15.11,80.0,False,16.6,2.5,59.9,206.0,,16.5,100.0,320039000480,CARSON CITY SCHOOL DISTRICT,City,0,206.0,39.172191,-119.764883,98.54368932038837,50.48543689320388,,,,13903,206.0,50.48543689320388,0.206,,,Highest poverty
14601,Pershing County High School,Pershing,Lovelock,Regular School,09-12,16.21,97.5,True,40.1,15.0,21.9,183.0,6.6,20.8,45.9,320042000198,PERSHING COUNTY SCHOOL DISTRICT,Rural,0,183.0,40.183142,-118.47991,45.90163934426229,34.97267759562842,,,,14601,183.0,34.97267759562842,0.183,,,Upper middle
15601,Virginia City High School,Storey,Virginia City,Regular School,09-12,17.84,88.24,False,56.3,22.5,40.1,150.0,,10.7,34.0,320045000199,STOREY COUNTY SCHOOL DISTRICT,Rural,0,150.0,39.307697,-119.641681,34.0,22.666666666666668,,,,15601,150.0,22.666666666666668,0.15,,,Lower middle
16312,Coral Academy High School,Washoe,RENO,District Sponsored Charter School,09-12,21.57,97.5,True,88.0,45.3,8.0,343.0,4.1,,20.1,320048000525,WASHOE COUNTY SCHOOL DISTRICT,City,1,343.0,39.46892,-119.783701,20.11661807580175,17.20116618075802,,,,16312,343.0,17.20116618075802,0.343,,,Lower middle
16501,EARL WOOSTER HIGH SCHOOL,Washoe,RENO,Regular School,09-12,14.71,89.46,False,22.4,8.4,60.8,1509.0,28.4,12.5,100.0,320048000208,WASHOE COUNTY SCHOOL DISTRICT,City,0,1509.0,39.506534,-119.782192,99.93373094764743,50.03313452617628,,,,16501,1509.0,50.03313452617628,1.509,,,Highest poverty
16502,RENO HIGH SCHOOL,Washoe,RENO,Regular School,09-12,19.88,91.87,False,65.4,42.1,31.4,1796.0,5.5,8.6,23.7,320048000239,WASHOE COUNTY SCHOOL DISTRICT,City,0,1796.0,39.517456,-119.827985,23.66369710467706,21.102449888641427,,,,16502,1796.0,21.102449888641427,1.796,,,Lower middle
16503,SPARKS HIGH SCHOOL,Washoe,SPARKS,Regular School,09-12,13.88,85.71,False,12.4,2.5,54.8,1311.0,25.4,13.4,100.0,320048000246,WASHOE COUNTY SCHOOL DISTRICT,Suburb,0,1311.0,39.540992,-119.761387,99.84744469870328,53.39435545385202,,,,16503,1311.0,53.39435545385202,1.311,,,Highest poverty
16504,PROCTER R. HUG HIGH SCHOOL,Washoe,Sparks,Regular School,09-12,14.37,76.47,False,18.6,8.7,60.6,2331.0,27.0,16.6,100.0,320048000238,WASHOE COUNTY SCHOOL DISTRICT,Suburb,0,2331.0,39.564553,-119.768289,99.95709995709996,55.38395538395538,,,,16504,2331.0,55.38395538395538,2.331,,,Highest poverty
16505,EDWARD C. REED HIGH SCHOOL,Washoe,SPARKS,Regular School,09-12,16.68,83.37,False,44.7,14.6,31.2,2144.0,4.8,12.8,27.1,320048000210,WASHOE COUNTY SCHOOL DISTRICT,Suburb,0,2144.0,39.557595,-119.719752,27.09888059701493,23.69402985074627,,,,16505,2144.0,23.69402985074627,2.144,,,Lower middle
16508,ROBERT MCQUEEN HIGH SCHOOL,Washoe,RENO,Regular School,09-12,18.63,91.2,False,58.8,27.9,38.3,1643.0,5.4,10.8,23.9,320048000323,WASHOE COUNTY SCHOOL DISTRICT,City,0,1643.0,39.534583,-119.883773,23.797930614729157,21.606816798539256,,,,16508,1643.0,21.606816798539256,1.643,,,Lower middle
16509,GALENA HIGH SCHOOL,Washoe,RENO,Regular School,09-12,19.85,91.58,False,66.4,36.2,26.1,1254.0,3.3,7.3,14.0,320048000257,WASHOE COUNTY SCHOOL DISTRICT,Suburb,0,1254.0,39.387879,-119.777268,13.955342902711324,12.200956937799043,,,,16509,1254.0,12.200956937799043,1.254,,,Lowest poverty
16602,INCLINE HIGH SCHOOL,Washoe,INCLINE VILLAGE,Regular School,09-12,19.11,93.06,False,52.7,38.3,30.3,325.0,14.1,13.5,26.5,320048000225,WASHOE COUNTY SCHOOL DISTRICT,Town,0,325.0,39.255443,-119.952102,26.46153846153846,21.846153846153847,,,,16602,325.0,21.846153846153847,0.325,,,Lower middle
16603,TMCC MAGNET SCHOOL,Washoe,RENO,Regular School,10-12,23.85,97.5,True,97.5,76.4,25.2,236.0,,,9.3,320048000468,WASHOE COUNTY SCHOOL DISTRICT,City,0,236.0,39.572311,-119.798208,9.322033898305085,8.898305084745763,,,,16603,236.0,8.898305084745763,0.236,,,Lowest poverty
16606,SPANISH SPRINGS HIGH SCHOOL,Washoe,SPARKS,Regular School,09-12,17.16,79.8,False,49.0,19.4,28.7,2057.0,3.4,13.3,17.4,320048000545,WASHOE COUNTY SCHOOL DISTRICT,Rural,0,2057.0,39.650052,-119.729515,17.355371900826448,15.167719980554203,,,,16606,2057.0,15.167719980554203,2.057,,,Lower middle
16607,NORTH VALLEYS HIGH SCHOOL,Washoe,RENO,Regular School,09-12,15.41,78.88,False,28.6,10.8,51.3,2432.0,13.7,14.4,37.1,320048000546,WASHOE COUNTY SCHOOL DISTRICT,Suburb,0,2432.0,39.60643,-119.823764,37.12993421052632,31.866776315789476,,,,16607,2432.0,31.866776315789476,2.432,,,Upper middle
16608,Academy For Career Education,Washoe,RENO,District Sponsored Charter School,09-12,17.37,97.5,True,43.4,15.2,11.8,236.0,13.1,13.6,29.7,320048000562,WASHOE COUNTY SCHOOL DISTRICT,City,1,236.0,39.512539,-119.775077,29.661016949152543,27.54237288135593,,,,16608,236.0,27.54237288135593,0.236,,,Lower middle
16609,DAMONTE RANCH HIGH SCHOOL,Washoe,RENO,Regular School,09-12,17.81,86.13,False,52.3,26.5,33.9,1910.0,8.1,11.5,29.6,320048000602,WASHOE COUNTY SCHOOL DISTRICT,City,0,1910.0,39.424127,-119.713055,29.581151832460733,25.706806282722518,,,,16609,1910.0,25.706806282722518,1.91,,,Lower middle
16610,enCompass Academy,Washoe,RENO,District Sponsored Charter School,09-12,16.21,66.67,False,29.6,9.8,72.1,113.0,,24.8,100.0,320048000603,WASHOE COUNTY SCHOOL DISTRICT,City,1,113.0,39.51569,-119.833011,100.0,51.32743362831859,,,,16610,113.0,51.32743362831859,0.113,,,Highest poverty
16611,ACADEMY OF ARTS CAREERS & TECH,Washoe,RENO,Regular School,09-12,22.24,97.5,True,88.6,54.7,14.4,530.0,2.1,5.5,18.9,320048000664,WASHOE COUNTY SCHOOL DISTRICT,City,0,530.0,39.506095,-119.755057,18.867924528301888,15.283018867924527,,,,16611,530.0,15.283018867924527,0.53,,,Lower middle
17502,White Pine High School,White Pine,Ely,Regular School,09-12,16.71,97.5,True,33.8,21.3,34.4,379.0,3.4,15.8,100.0,320051000267,WHITE PINE COUNTY SCHOOL DISTRICT,Town,0,379.0,39.239137,-114.874701,100.0,33.245382585751976,,,,17502,379.0,33.245382585751976,0.379,,,Upper middle
46300,Democracy Prep at Agassi High,State Public Charter School Authority,Las Vegas,State Sponsored Charter School,09-12,16.14,86.36,False,42.1,22.8,30.5,362.0,8.6,8.3,100.0,320000100882,STATE-SPONSORED CHARTER SCHOOLS,City,1,362.0,36.195055,-115.15699,100.0,8.011049723756907,,,,46300,362.0,8.011049723756907,0.362,,,Lowest poverty
47434,Sports Leadership and Management Academy,State Public Charter School Authority,Henderson,State Sponsored Charter School,KG-12,15.97,97.5,True,42.7,9.3,39.7,1796.0,11.1,10.2,100.0,320000100870,STATE-SPONSORED CHARTER SCHOOLS,City,1,1796.0,36.081743,-115.042105,99.88864142538976,49.33184855233853,,,,47434,1796.0,49.33184855233853,1.796,,,Highest poverty
48433,Equipo Academy,State Public Charter School Authority,Las Vegas,State Sponsored Charter School,06-12,16.2,97.5,True,30.6,14.0,8.7,798.0,23.8,6.1,100.0,320000100856,STATE-SPONSORED CHARTER SCHOOLS,City,1,798.0,36.172896,-115.086731,100.0,58.39598997493734,,,,48433,798.0,58.39598997493734,0.798,,,Highest poverty
50431,Amplus Durango,State Public Charter School Authority,Las Vegas,State Sponsored Charter School,KG-12,21.15,97.5,True,74.3,47.1,18.8,1662.0,5.7,6.5,30.3,320000100848,STATE-SPONSORED CHARTER SCHOOLS,Suburb,1,1662.0,36.076905,-115.274184,30.32490974729242,21.60048134777377,,,,50431,1662.0,21.60048134777377,1.662,,,Lower middle
51430,Founders Academy of Las Vegas,State Public Charter School Authority,Las Vegas,State Sponsored Charter School,KG-12,19.33,97.5,True,69.2,33.3,17.6,940.0,6.3,6.8,28.8,320000100843,STATE-SPONSORED CHARTER SCHOOLS,City,1,940.0,36.232595,-115.222292,28.829787234042552,25.21276595744681,,,,51430,940.0,25.21276595744681,0.94,,,Lower middle
52429,Leadership Academy of Nevada,State Public Charter School Authority,Las Vegas,State Sponsored Charter School,06-12,20.41,97.5,True,72.7,31.8,2.5,261.0,,10.0,17.6,320000100886,STATE-SPONSORED CHARTER SCHOOLS,City,1,261.0,36.274513,-115.259471,17.624521072796934,16.091954022988507,,,,52429,261.0,16.091954022988507,0.261,,,Lower middle
55202,Doral Academy Red Rock,State Public Charter School Authority,Las Vegas,State Sponsored Charter School,KG-12,18.9,97.5,True,64.3,25.8,29.9,2314.0,3.6,11.1,24.0,320000100830,STATE-SPONSORED CHARTER SCHOOLS,Rural,1,2314.0,36.168151,-115.369979,24.027657735522904,18.928262748487462,,,,55202,2314.0,18.928262748487462,2.314,,,Lower middle
58423,Pinecrest Academy of Nevada Cadence,State Public Charter School Authority,Henderson,State Sponsored Charter School,KG-12,20.1,97.5,True,73.2,46.5,28.4,2209.0,2.7,13.2,31.8,320000100825,STATE-SPONSORED CHARTER SCHOOLS,City,1,2209.0,36.045494,-114.980201,31.68854685377999,27.43322770484382,,,,58423,2209.0,27.43322770484382,2.209,,,Lower middle
59120,Somerset Academy Losee,State Public Charter School Authority,North Las Vegas,State Sponsored Charter School,KG-12,16.55,97.5,True,41.8,15.5,25.9,2451.0,8.6,10.8,45.4,320000100898,STATE-SPONSORED CHARTER SCHOOLS,Suburb,1,2451.0,36.24428,-115.115011,45.28763769889841,35.08771929824562,,,,59120,2451.0,35.08771929824562,2.451,,,Upper middle
59122,Somerset Academy Sky Pointe,State Public Charter School Authority,Las Vegas,State Sponsored Charter School,KG-12,18.32,97.5,True,59.2,25.1,11.6,2114.0,1.6,12.3,24.8,320000100820,STATE-SPONSORED CHARTER SCHOOLS,City,1,2114.0,36.288539,-115.275203,24.78713339640492,18.306527909176918,,,,59122,2114.0,18.306527909176918,2.114,,,Lower middle
65414,Oasis Academy,State Public Charter School Authority,Fallon,State Sponsored Charter School,KG-12,20.61,97.5,True,68.8,35.5,18.1,735.0,4.3,11.0,32.8,320000100817,STATE-SPONSORED CHARTER SCHOOLS,Town,1,735.0,39.477236,-118.788766,32.7891156462585,16.05442176870748,,,,65414,735.0,16.05442176870748,0.735,,,Lower middle
76412,Alpine Academy High School,State Public Charter School Authority,Sparks,State Sponsored Charter School,09-12,17.2,97.5,True,47.2,18.9,30.2,142.0,,16.2,23.9,320000100800,STATE-SPONSORED CHARTER SCHOOLS,Suburb,1,142.0,39.540117,-119.714115,23.943661971830984,6.338028169014085,,,,76412,142.0,6.338028169014085,0.142,,,Lowest poverty
81102,Nevada State High School Summerlin,State Public Charter School Authority,Las Vegas,State Sponsored Charter School,11-12,20.28,97.5,True,70.7,50.7,2.5,157.0,,,30.6,320000100903,STATE-SPONSORED CHARTER SCHOOLS,City,1,157.0,36.161946,-115.277707,30.573248407643312,18.471337579617835,,,,81102,157.0,18.471337579617835,0.157,,,Lower middle
81103,Nevada State High School Henderson,State Public Charter School Authority,Henderson,State Sponsored Charter School,11-12,20.31,97.5,True,80.3,50.4,2.5,246.0,,,25.2,320000100608,STATE-SPONSORED CHARTER SCHOOLS,City,1,246.0,36.0439,-115.047161,25.203252032520325,12.601626016260164,,,,81103,246.0,12.601626016260164,0.246,,,Lowest poverty
85405,Nevada Connections Academy,State Public Charter School Authority,Reno,State Sponsored Charter School,09-12,16.58,80.67,False,43.5,8.3,21.5,1000.0,3.0,12.6,48.1,320000100731,STATE-SPONSORED CHARTER SCHOOLS,City,1,1000.0,39.442153,-119.764137,48.1,33.0,,,,85405,1000.0,33.0,1.0,,,Upper middle
86404,Nevada Virtual Academy,State Public Charter School Authority,Las Vegas,State Sponsored Charter School,06-12,16.31,86.01,False,35.3,10.6,5.0,2153.0,4.7,12.3,57.4,320000100734,STATE-SPONSORED CHARTER SCHOOLS,City,1,2153.0,36.032685,-115.120183,57.268927078495125,41.29122155132374,,,,86404,2153.0,41.29122155132374,2.153,,,Upper middle
87312,Coral Academy Sandy Ridge,State Public Charter School Authority,Henderson,State Sponsored Charter School,08-12,22.63,97.5,True,78.5,67.1,15.1,902.0,2.2,5.0,25.1,320000100742,STATE-SPONSORED CHARTER SCHOOLS,City,1,902.0,35.99174,-115.093301,25.055432372505543,11.419068736141908,,,,87312,902.0,11.419068736141908,0.902,,,Lowest poverty
89409,Beacon Academy of Nevada,State Public Charter School Authority,Las Vegas,State Sponsored Charter School,09-12,12.75,17.89,False,9.3,2.5,47.5,552.0,14.7,21.0,77.4,320000100751,STATE-SPONSORED CHARTER SCHOOLS,Suburb,1,552.0,36.11554,-115.252321,77.35507246376811,61.95652173913044,,,,89409,552.0,61.95652173913044,0.552,,,Highest poverty
81106,Nevada State High School Southwest,State Public Charter School Authority,Las Vegas,State Sponsored Charter School,11-12,20.06,97.5,True,69.6,34.8,2.5,131.0,,,40.5,320000100937,STATE-SPONSORED CHARTER SCHOOLS,Suburb,1,131.0,36.069612,-115.262541,40.458015267175576,24.427480916030536,,,,81106,131.0,24.427480916030536,0.131,,,Lower middle
58428,Pinecrest Academy of Nevada Sloan Canyon,State Public Charter School Authority,Henderson,State Sponsored Charter School,KG-12,20.68,,False,79.4,49.5,18.9,2048.0,2.6,10.3,19.8,320000100941,STATE-SPONSORED CHARTER SCHOOLS,Rural,1,2048.0,35.961323,-115.148468,19.775390625,16.40625,,,,58428,2048.0,16.40625,2.048,,,Lower middle
81107,Nevada State High School Downtown Henderson,State Public Charter School Authority,Henderson,State Sponsored Charter School,11-12,20.6,97.5,True,70.3,42.5,2.5,120.0,0.0,,16.7,320000100944,STATE-SPONSORED CHARTER SCHOOLS,City,1,120.0,36.029618,-114.979474,15.833333333333334,10.0,,,,81107,120.0,10.0,0.12,,,Lowest poverty
81108,Nevada State High School Northwest,State Public Charter School Authority,Las Vegas,State Sponsored Charter School,11-12,20.14,97.5,True,75.0,44.2,,130.0,,,27.7,320000100948,STATE-SPONSORED CHARTER SCHOOLS,City,1,130.0,36.274565,-115.252552,27.692307692307693,16.923076923076923,,,,81108,130.0,16.923076923076923,0.13,,,Lower middle
84406,Davidson Academy,University,Reno,Regular School,05-12,34.17,97.5,True,93.5,93.5,2.5,163.0,0.0,,0.0,320002100680,DAVIDSON ACADEMY  SCHOOL DISTRICT,City,0,163.0,39.538754,-119.816216,1.8404907975460123,1.8404907975460123,,,,84406,163.0,1.8404907975460123,0.163,,,Lowest poverty
