district,url,depth,status,reason,candidates_found
Carson City,https://www.carsoncityschools.com/,0,cached,served from local cache,0
Carson City,https://www.carsoncityschools.com/our-district/about-us,1,cached,served from local cache,0
Carson City,https://www.carsoncityschools.com/families-and-students,1,cached,served from local cache,0
Carson City,https://www.carsoncityschools.com/families-and-students/academic-standards-and-assessments,1,cached,served from local cache,0
Carson City,https://www.carsoncityschools.com/families-and-students/behavior-and-dicipline,1,cached,served from local cache,0
Carson City,https://www.carsoncityschools.com/families-and-students/bullying-and-cyberbullying,1,cached,served from local cache,0
Carson City,https://www.carsoncityschools.com/families-and-students/calendars,1,cached,served from local cache,0
Carson City,https://www.carsoncityschools.com/families-and-students/care-solace,1,cached,served from local cache,0
Carson City,https://www.carsoncityschools.com/families-and-students/diploma-seals,1,cached,served from local cache,0
Carson City,https://www.carsoncityschools.com/families-and-students/air-quality,1,cached,served from local cache,0
Carson City,https://www.carsoncityschools.com/families-and-students/parentsquare,1,cached,served from local cache,0
Carson City,https://www.carsoncityschools.com/families-and-students/safevoice,1,cached,served from local cache,0
Carson City,https://www.carsoncityschools.com/families-and-students/student-accident-insurance,1,cached,served from local cache,0
Carson City,https://www.carsoncityschools.com/families-and-students/student-registration,1,cached,served from local cache,0
Carson City,https://www.carsoncityschools.com/families-and-students/variances,1,cached,served from local cache,0
Churchill,https://www.churchillcsd.com/,0,cached,served from local cache,0
Churchill,https://www.churchillcsd.com/staff/general-information/salary-schedules-negotiated-agreements,1,cached,served from local cache,0
Churchill,https://www.churchillcsd.com/schedule-a-visit,1,cached,served from local cache,0
Churchill,https://www.churchillcsd.com/bookstore,1,cached,served from local cache,0
Churchill,https://www.churchillcsd.com/our-district/our-schools,1,cached,served from local cache,0
Churchill,https://www.churchillcsd.com/families-students,1,cached,served from local cache,0
Churchill,https://www.churchillcsd.com/families-students/general-information,1,cached,served from local cache,0
Churchill,https://www.churchillcsd.com/families-students/general-information/register-for-school-24-25-school-year,1,cached,served from local cache,0
Churchill,https://www.churchillcsd.com/families-students/general-information/kindergarten-registration,1,cached,served from local cache,0
Churchill,https://www.churchillcsd.com/families-students/general-information/back-to-school-information,1,cached,served from local cache,0
Churchill,https://www.churchillcsd.com/families-students/general-information/free-reduced-meal-program,1,cached,served from local cache,0
Churchill,https://www.churchillcsd.com/families-students/general-information/variance-requests,1,cached,served from local cache,0
Churchill,https://www.churchillcsd.com/families-students/general-information/adult-eductionliteracy-and-learning-center,1,cached,served from local cache,0
Churchill,https://www.churchillcsd.com/families-students/general-information/churchill-online-learning,1,cached,served from local cache,0
Churchill,https://www.churchillcsd.com/families-students/general-information/2025-youth-risk-behavior-survey-yrbs,1,cached,served from local cache,0
Churchill,https://www.churchillcsd.com/families-students/student-resources,1,cached,served from local cache,0
Churchill,https://www.churchillcsd.com/families-students/student-resources/chromebook-connectivity,1,cached,served from local cache,0
Churchill,https://www.churchillcsd.com/families-students/student-resources/district-student-handbook-english-spanish,1,cached,served from local cache,0
Churchill,https://www.churchillcsd.com/families-students/student-resources/21st-century-after-school-program,1,cached,served from local cache,0
Churchill,https://www.churchillcsd.com/families-students/family-resources,1,cached,served from local cache,0
Churchill,https://www.churchillcsd.com/families-students/family-resources/parentsquare,1,cached,served from local cache,0
Churchill,https://www.churchillcsd.com/families-students/family-resources/family-engagement-volunteering,1,cached,served from local cache,0
Churchill,https://www.churchillcsd.com/families-students/family-resources/military-families,1,cached,served from local cache,0
Churchill,https://www.churchillcsd.com/families-students/family-resources/students-in-transition-sit,1,cached,served from local cache,0
Churchill,https://www.churchillcsd.com/families-students/family-resources/title-vi-indian-education-program,1,cached,served from local cache,0
Churchill,https://www.churchillcsd.com/families-students/family-resources/care-solace,1,cached,served from local cache,0
Churchill,https://www.churchillcsd.com/families-students/family-resources/parentguidanceorg,1,cached,served from local cache,0
Churchill,https://www.churchillcsd.com/families-students/family-resources/ccms-counseling-department,1,cached,served from local cache,0
Churchill,https://www.churchillcsd.com/families-students/family-resources/cchs-counseling-department,1,cached,served from local cache,0
Churchill,https://www.churchillcsd.com/families-students/family-resources/infinite-campus-resource-page,1,cached,served from local cache,0
Clark,https://www.ccsd.net/schools/,0,cached,served from local cache,0
Clark,https://www.ccsd.net/about,1,cached,served from local cache,0
Clark,https://www.ccsd.net/about/school-board,1,cached,served from local cache,0
Clark,https://www.ccsd.net/about/leadership-team,1,cached,served from local cache,0
Clark,https://www.ccsd.net/about/strategic-plan,1,cached,served from local cache,0
Clark,https://www.ccsd.net/about/superintendent,1,cached,served from local cache,0
Clark,https://www.ccsd.net/about/open-book,1,cached,served from local cache,0
Clark,https://www.ccsd.net/about/operation-destination-district,1,cached,served from local cache,0
Clark,https://www.ccsd.net/about/podcast,1,cached,served from local cache,0
Clark,https://www.ccsd.net/about/careers,1,cached,served from local cache,0
Clark,https://www.ccsd.net/about/newsroom,1,cached,served from local cache,0
Clark,https://www.ccsd.net/fs/resource-manager/view/b176dcd0-42a6-4a64-956f-c697480f804f,2,error,not HTML: application/pdf,0
Clark,https://www.ccsd.net/students,1,cached,served from local cache,0
Clark,https://www.ccsd.net/fs/resource-manager/view/e10e644a-8d6a-4368-a13d-e5f6caa41773,2,error,not HTML: application/pdf,0
Clark,https://www.ccsd.net/fs/resource-manager/view/eacbd6d3-bee0-46e7-acfb-14c19b54e03f,2,error,not HTML: application/pdf,0
Clark,https://www.ccsd.net/about/school-board/policies-and-regulations,2,cached,served from local cache,0
Clark,https://www.ccsd.net/about/school-board/contact,2,cached,served from local cache,0
Clark,https://www.ccsd.net/fs/pages/1077,2,cached,served from local cache,0
Clark,https://www.ccsd.net/about/school-board/trustees/emily-stevens/,2,cached,served from local cache,0
Clark,https://www.ccsd.net/about/school-board/trustees/irene-bustamante-adams,2,cached,served from local cache,0
Clark,https://www.ccsd.net/about/school-board/trustees/lydia-dominguez/,2,cached,served from local cache,0
Clark,https://www.ccsd.net/about/school-board/trustees/isaac-barron/,2,cached,served from local cache,0
Clark,https://www.ccsd.net/about/school-board/trustees/lorena-biassotti/,2,cached,served from local cache,0
Clark,https://www.ccsd.net/about/school-board/trustees/linda-p-cavazos/,2,cached,served from local cache,0
Clark,https://www.ccsd.net/about/school-board/trustees/ramona-esparza-stoffregan/,2,cached,served from local cache,0
Clark,https://www.ccsd.net/about/school-board/trustees/tameka-henry,2,cached,served from local cache,0
Clark,https://www.ccsd.net/about/school-board/trustees/adam-johnson/,2,cached,served from local cache,0
Clark,https://www.ccsd.net/about/school-board/trustees/lisa-satory/,2,cached,served from local cache,0
Clark,https://www.ccsd.net/about/school-board/trustees/brenda-zamora/,2,cached,served from local cache,0
Clark,https://www.ccsd.net/about/ccsd-destination-district-community-dream-sessions/,2,cached,served from local cache,0
Douglas,https://www.dcsd.net/,0,cached,served from local cache,0
Douglas,https://www.dcsd.net/careers/salary-schedules,1,cached,served from local cache,0
Douglas,https://www.dcsd.net/about/portrait,1,cached,served from local cache,0
Douglas,https://www.dcsd.net/about,1,cached,served from local cache,0
Douglas,https://www.dcsd.net/about/epic,1,cached,served from local cache,0
Douglas,https://www.dcsd.net/about/douglas-parent-advisory-council,1,cached,served from local cache,0
Douglas,https://www.dcsd.net/about/budget,1,cached,served from local cache,0
Douglas,https://www.dcsd.net/about/leadership,1,cached,served from local cache,0
Douglas,https://www.dcsd.net/about/podcast,1,cached,served from local cache,0
Douglas,https://www.dcsd.net/about/school-board,1,cached,served from local cache,0
Douglas,https://www.dcsd.net/about/reports-surveys,1,cached,served from local cache,0
Douglas,https://www.dcsd.net/about/our-history,1,cached,served from local cache,0
Douglas,https://www.dcsd.net/about/weather,1,cached,served from local cache,0
Douglas,https://www.dcsd.net/enrollment/annual-updates-existing-students,1,cached,served from local cache,0
Douglas,https://www.dcsd.net/enrollment/enroll-now-new-students,1,cached,served from local cache,0
Douglas,https://www.dcsd.net/schools/elementary-schools,1,cached,served from local cache,0
Douglas,https://www.dcsd.net/schools/middle-schools,1,cached,served from local cache,0
Douglas,https://www.dcsd.net/schools/high-schools,1,cached,served from local cache,0
Douglas,https://aspire.dcsd.net,1,cached,served from local cache,0
Douglas,https://dhs.dcsd.net,1,cached,served from local cache,0
Douglas,https://dhs.dcsd.net/about/bell-schedules,2,cached,served from local cache,0
Douglas,https://dhs.dcsd.net/athletics/sport-schedules,2,cached,served from local cache,0
Douglas,https://dhs.dcsd.net/connect/bell-schedules,2,cached,served from local cache,0
Douglas,https://dhs.dcsd.net/fs/resource-manager/view/c796b6e0-bc99-4321-8482-093a924ad1ed,3,error,not HTML: application/pdf,0
Douglas,https://whs.dcsd.net,1,cached,served from local cache,0
Douglas,https://whs.dcsd.net/calendars/bell-schedules,2,cached,served from local cache,0
Douglas,https://whs.dcsd.net/fs/resource-manager/view/7444125a-b92c-4bc3-8df9-4ff0b4bf1455,3,error,not HTML: application/pdf,0
Douglas,https://www.dcsd.net/schools/alternative-learning,1,cached,served from local cache,0
Douglas,https://www.dcsd.net/fs/pages/360,2,cached,served from local cache,0
Douglas,https://www.dcsd.net/about/closings-delays,2,disallowed,disallowed by robots.txt,0
Elko,https://www.ecsdnv.net/,0,cached,served from local cache,0
Esmeralda,https://esmeralda.k12.nv.us/en-US,0,cached,served from local cache,0
Esmeralda,https://tonopah.nye.k12.nv.us/,1,cached,served from local cache,0
Esmeralda,https://www.nye.k12.nv.us/page/about-nye-county,2,cached,served from local cache,0
Eureka,https://www.ecsdnv.org/,0,cached,served from local cache,0
Humboldt,https://www.hcsdnv.com/,0,cached,served from local cache,0
Humboldt,https://www.hcsdnv.com/families-students/school-bell-schedules,1,cached,served from local cache,0
Humboldt,https://www.hcsdnv.com/school-daily-schedules,1,cached,served from local cache,0
Humboldt,https://www.hcsdnv.com/families-students/prek,1,cached,served from local cache,0
Humboldt,https://www.hcsdnv.com/our-district/about,1,cached,served from local cache,0
Humboldt,https://www.hcsdnv.com/our-district/about/superintendent,1,cached,served from local cache,0
Humboldt,https://www.hcsdnv.com/families-students/parent-information/peachjar-digital-flyers,1,cached,served from local cache,0
Humboldt,https://www.hcsdnv.com/families-students,1,cached,served from local cache,0
Humboldt,https://www.hcsdnv.com/families-students/assessments,1,cached,served from local cache,0
Humboldt,https://www.hcsdnv.com/families-students/open-enrollment-faq,1,cached,served from local cache,0
Humboldt,https://www.hcsdnv.com/families-students/parent-information,1,cached,served from local cache,0
Humboldt,https://www.hcsdnv.com/families-students/parent-information/registration,1,cached,served from local cache,0
Humboldt,https://www.hcsdnv.com/families-students/parent-information/restorative-practices,1,cached,served from local cache,0
Humboldt,https://www.hcsdnv.com/families-students/parent-information/safevoice,1,cached,served from local cache,0
Humboldt,https://www.hcsdnv.com/families-students/parent-information/substitute-information,1,cached,served from local cache,0
Humboldt,https://www.hcsdnv.com/families-students/parent-information/volunteer,1,cached,served from local cache,0
Humboldt,https://www.hcsdnv.com/families-students/parent-information/youth-risk-program,1,cached,served from local cache,0
Humboldt,https://www.hcsdnv.com/families-students/parent-information/important-informationforms,1,cached,served from local cache,0
Humboldt,https://www.hcsdnv.com/families-students/parent-information/nevada-kids-read-rbg3-67,1,cached,served from local cache,0
Humboldt,https://www.hcsdnv.com/families-students/parent-information/rising-star-schools,1,cached,served from local cache,0
Humboldt,https://www.hcsdnv.com/families-students/parent-information/lunch-applications,1,cached,served from local cache,0
Humboldt,https://www.hcsdnv.com/families-students/nutrition-services,1,cached,served from local cache,0
Humboldt,https://www.hcsdnv.com/families-students/nutrition-services/healthy-eating,1,cached,served from local cache,0
Humboldt,https://www.hcsdnv.com/families-students/nutrition-services/meal-prices,1,cached,served from local cache,0
Humboldt,https://www.hcsdnv.com/families-students/student-information,1,cached,served from local cache,0
Humboldt,https://www.hcsdnv.com/families-students/school-supply-lists,1,cached,served from local cache,0
Humboldt,https://www.hcsdnv.com/schools/elem-schools,1,cached,served from local cache,0
Humboldt,https://www.hcsdnv.com/schools/junior-schools,1,cached,served from local cache,0
Humboldt,https://wjhs.hcsdnv.com,1,cached,served from local cache,0
Humboldt,https://www.hcsdnv.com/schools/high-schools,1,cached,served from local cache,0
Lander,https://www.lander.k12.nv.us/,0,cached,served from local cache,0
Lander,https://www.lander.k12.nv.us/about,1,cached,served from local cache,0
Lander,https://www.lander.k12.nv.us/about/board-of-trustees,1,cached,served from local cache,0
Lander,https://www.lander.k12.nv.us/about/board-of-trustees/data-dashboard,1,cached,served from local cache,0
Lander,https://www.lander.k12.nv.us/about/board-of-trustees/data-dashboard/demographics,1,cached,served from local cache,0
Lander,https://www.lander.k12.nv.us/about/board-of-trustees/data-dashboard/academics,1,cached,served from local cache,0
Lander,https://www.lander.k12.nv.us/about/board-of-trustees/data-dashboard/fiscal,1,cached,served from local cache,0
Lander,https://www.lander.k12.nv.us/about/board-of-trustees/data-dashboard/data-dashboard-our-story,1,cached,served from local cache,0
Lander,https://www.lander.k12.nv.us/about/board-of-trustees/data-dashboard/data-dashboard-our-story/fitness-center-renovation-data,1,cached,served from local cache,0
Lander,https://www.lander.k12.nv.us/about/board-of-trustees/data-dashboard/data-dashboard-our-story/growing-our-staffing,1,cached,served from local cache,0
Lander,https://www.lander.k12.nv.us/about/board-of-trustees/data-dashboard/data-dashboard-our-story/sick-hours-used,1,cached,served from local cache,0
Lander,https://www.lander.k12.nv.us/about/directory,1,cached,served from local cache,0
Lander,https://www.lander.k12.nv.us/about/lcsd-spotlights,1,cached,served from local cache,0
Lander,https://www.lander.k12.nv.us/about/news-events,1,cached,served from local cache,0
Lander,https://www.lander.k12.nv.us/about/lcsd-nurse,1,cached,served from local cache,0
Lander,https://www.lander.k12.nv.us/about/food-and-nutrition,1,cached,served from local cache,0
Lander,https://www.lander.k12.nv.us/about/transportation,1,cached,served from local cache,0
Lander,https://www.lander.k12.nv.us/about/21st-cclc,1,cached,served from local cache,0
Lander,https://www.lander.k12.nv.us/about/student-services,1,cached,served from local cache,0
Lander,https://www.lander.k12.nv.us/about/district-reports-statements,1,cached,served from local cache,0
Lander,https://www.lander.k12.nv.us/about/title-ix,1,cached,served from local cache,0
Lander,https://www.lander.k12.nv.us/about/contact-us,1,cached,served from local cache,0
Lander,https://bmhs.lander.k12.nv.us,1,cached,served from local cache,0
Lander,https://bmhs.lander.k12.nv.us/about/school-hours-daily-schedule,2,cached,served from local cache,0
Lander,https://bmhs.lander.k12.nv.us/athletics/team-schedules,2,cached,served from local cache,0
Lander,https://bmhs.lander.k12.nv.us/about/school-hours-daily-schedule/~board/school-hours-daily-schedule/post/bell-schedule-2024,3,cached,served from local cache,0
Lander,https://bmms.lander.k12.nv.us,1,cached,served from local cache,0
Lander,https://bmms.lander.k12.nv.us/eljh/news-events/~board/eleanor-lemaire-junior-high-school-news/post/reminder-you-must-complete-your-registration-paperwork-to-receive-your-students-schedule,2,cached,served from local cache,0
Lander,https://www.lander.k12.nv.us/fs/pages/3,1,cached,served from local cache,0
Lander,https://www.lander.k12.nv.us/careers/available-positions/~board/job-postings/post/position-announcement-part-time-custodian-8-hours-a-week-austin-school,1,cached,served from local cache,0
Lincoln,https://www.lcsdnv.com/,0,cached,served from local cache,0
Lincoln,https://www.lcsdnv.com/page/Salary-Schedules/15670/Index.html,1,cached,served from local cache,0
Lincoln,https://www.lcsdnv.com/Content/2025/7/as60-ADMINISTRATORSSCHEDULE.pdf,2,disallowed,disallowed by robots.txt,0
Lincoln,https://www.lcsdnv.com/Content/2025/7/rt67-CertifiedSalarySchedule.pdf,2,disallowed,disallowed by robots.txt,0
Lincoln,https://www.lcsdnv.com/Content/2025/7/nc51-CertifiedYearRoundSalarySchedule.pdf,2,disallowed,disallowed by robots.txt,0
Lincoln,https://www.lcsdnv.com/Content/2025/7/qe61-CLASSIFIEDSALARYSCHEDULE2.pdf,2,disallowed,disallowed by robots.txt,0
Lincoln,https://www.lcsdnv.com/Content/2025/7/zj93-FY25ExtraCurricularStipendScheduleandDescriptions.pdf,2,disallowed,disallowed by robots.txt,0
Lincoln,https://www.lcsdnv.com/Content/2025/7/tn74-SUPERVISORYSCHEDULE.pdf,2,disallowed,disallowed by robots.txt,0
Lincoln,https://www.lcsdnv.com/COBastianHS.aspx,1,cached,served from local cache,0
Lincoln,https://www.lcsdnv.com/LincolnCountyHS.aspx,1,cached,served from local cache,0
Lincoln,https://www.lcsdnv.com/PahranagatValleyHS.aspx,1,cached,served from local cache,0
Lyon,https://www.lyoncsd.org/,0,cached,served from local cache,0
Lyon,https://www.lyoncsd.org/board-of-trustees/board-meeting-schedule,1,cached,served from local cache,0
Lyon,https://www.lyoncsd.org/departments/human-resources/salary-and-wages-schedule,1,cached,served from local cache,0
Lyon,https://www.lyoncsd.org/about-us,1,cached,served from local cache,0
Lyon,https://www.lyoncsd.org/about-us/portrait,1,cached,served from local cache,0
Lyon,https://www.lyoncsd.org/about-us/portrait/learning-for-life,1,cached,served from local cache,0
Lyon,https://www.lyoncsd.org/about-us/portrait/connected-learner,1,cached,served from local cache,0
Lyon,https://www.lyoncsd.org/about-us/portrait/student-ownership,1,cached,served from local cache,0
Lyon,https://www.lyoncsd.org/about-us/portrait/discovery-learning,1,cached,served from local cache,0
Lyon,https://www.lyoncsd.org/about-us/mission-vision,1,cached,served from local cache,0
Lyon,https://www.lyoncsd.org/about-us/follow-us,1,cached,served from local cache,0
Lyon,https://www.lyoncsd.org/resources/students,1,cached,served from local cache,0
Lyon,https://www.lyoncsd.org/resources/district-safety-for-students-families-and-staff,1,cached,served from local cache,0
Lyon,https://www.lyoncsd.org/our-schools,1,cached,served from local cache,0
Lyon,https://www.lyoncsd.org/our-schools/elementary-schools,1,cached,served from local cache,0
Lyon,https://www.lyoncsd.org/our-schools/middle-schools,1,cached,served from local cache,0
Lyon,https://www.lyoncsd.org/our-schools/high-schools,1,cached,served from local cache,0
Lyon,https://www.lyoncsd.org/our-schools/k-12-schools,1,cached,served from local cache,0
Lyon,https://www.lyoncsd.org/our-schools/distance-education,1,cached,served from local cache,0
Lyon,https://www.dhs.lyoncsd.org,1,cached,served from local cache,0
Lyon,https://www.dhs.lyoncsd.org/resources/bell-schedule,2,cached,served from local cache,0
Lyon,https://www.fhs.lyoncsd.org,1,cached,served from local cache,0
Lyon,https://www.fhs.lyoncsd.org/resources/bell-schedule,2,cached,served from local cache,0
Lyon,https://www.sshs.lyoncsd.org,1,cached,served from local cache,0
Lyon,https://www.sshs.lyoncsd.org/resources/bell-schedule,2,cached,served from local cache,0
Lyon,https://www.yhs.lyoncsd.org,1,cached,served from local cache,0
Lyon,https://www.yhs.lyoncsd.org/resources/bell-schedule,2,cached,served from local cache,0
Lyon,https://www.dhs.lyoncsd.org/about-us,2,cached,served from local cache,0
Lyon,https://www.dhs.lyoncsd.org/about-us/our-mission-vision,2,cached,served from local cache,0
Lyon,https://www.dhs.lyoncsd.org/about-us/superintendent,2,cached,served from local cache,0
Mineral,,0,skipped,"district website did not resolve, enter times by hand",0
Nye,https://www.nye.k12.nv.us/,0,cached,served from local cache,0
Nye,https://www.nye.k12.nv.us/page/about-nye-county,1,cached,served from local cache,0
Pershing,,0,skipped,"district website did not resolve, enter times by hand",0
Storey,,0,skipped,"site certificate error, enter times by hand",0
Washoe,https://www.washoeschools.net/,0,cached,served from local cache,0
Washoe,https://www.washoeschools.net/directory/student-enrollment-and-records/bell-schedule,1,cached,served from local cache,0
Washoe,https://www.washoeschools.net/directory/transportation,1,cached,served from local cache,0
Washoe,https://www.washoeschools.net/directory/child-family-services/early-childhood-programs/daily-schedule,1,cached,served from local cache,0
Washoe,https://www.washoeschools.net/directory/child-family-services/early-childhood-programs/infanttoddler-program-for-parenting-teens/daily-schedule-1214,1,cached,served from local cache,0
Washoe,https://www.washoeschools.net/directory/human-resources/hr-support/work-schedules-and-classified-calendars,1,cached,served from local cache,0
Washoe,https://www.washoeschools.net/directory/student-enrollment-and-records/document-retention-schedule,1,cached,served from local cache,0
Washoe,https://www.washoeschools.net/directory/student-enrollment-and-records/nine-week-grading-period-schedule,1,cached,served from local cache,0
Washoe,https://www.washoeschools.net/directory/student-activities-and-athletics/athletic-schedules,1,cached,served from local cache,0
Washoe,https://www.washoeschools.net/directory/transportation/swas-2526-school-year-updated-effective-81924,1,cached,served from local cache,0
Washoe,https://www.washoeschools.net/careers/careers/salary-schedules,1,cached,served from local cache,0
Washoe,https://www.washoeschools.net/fs/resource-manager/view/9cb18bd3-e2a9-4429-8486-52c67d05199f,2,error,not HTML: application/pdf,0
Washoe,https://www.washoeschools.net/fs/resource-manager/view/35f5b3cb-5395-4bfe-b6c9-90a2dbcd954a,2,error,not HTML: application/pdf,0
Washoe,https://www.washoeschools.net/fs/resource-manager/view/375d6efc-1d14-4512-81c5-64e516a5a141,2,error,not HTML: application/pdf,0
Washoe,https://www.washoeschools.net/fs/resource-manager/view/b63b7937-3b92-479b-8536-b17500f290b0,2,error,not HTML: application/pdf,0
Washoe,https://www.washoeschools.net/fs/resource-manager/view/3e4db1a7-8fe6-4ccf-95a1-d6825129c098,2,error,not HTML: application/pdf,0
Washoe,https://www.washoeschools.net/fs/resource-manager/view/49d862f5-1987-463c-b95d-e7090664df92,2,error,not HTML: application/pdf,0
Washoe,https://www.washoeschools.net/fs/resource-manager/view/3b00306e-6e3e-4834-a27f-17b070a3bffe,2,error,not HTML: application/pdf,0
Washoe,https://www.washoeschools.net/fs/resource-manager/view/38a1996c-2493-4fc1-b0ae-7c13c9dfff63,2,error,not HTML: application/pdf,0
Washoe,https://www.washoeschools.net/fs/resource-manager/view/a47b9486-581a-45ec-9ec9-dff7383505d3,2,error,not HTML: application/pdf,0
Washoe,https://www.washoeschools.net/fs/resource-manager/view/e27b87d2-eb34-4ed8-8b13-60a9afe401af,2,error,not HTML: application/pdf,0
Washoe,https://www.washoeschools.net/fs/resource-manager/view/8b5b90b6-ac81-4a02-99a3-06cf3d7e24b9,2,error,not HTML: application/pdf,0
Washoe,https://www.washoeschools.net/fs/resource-manager/view/4d238382-ef2f-4126-9ffd-e063c5e5f147,2,error,not HTML: application/pdf,0
Washoe,https://www.washoeschools.net/fs/resource-manager/view/b3060984-143a-44b7-9740-20b7433e70ac,2,error,not HTML: application/pdf,0
Washoe,https://www.washoeschools.net/fs/resource-manager/view/47fc6106-4203-427a-a6d0-11cd3132d19a,2,error,not HTML: application/pdf,0
Washoe,https://www.washoeschools.net/fs/resource-manager/view/4854fad6-097c-4a4a-aac5-7f278d71dcfa,2,error,not HTML: application/pdf,0
Washoe,https://www.washoeschools.net/about-us-47/who-we-are,1,cached,served from local cache,0
Washoe,https://www.washoeschools.net/about-us-47/applause,1,cached,served from local cache,0
Washoe,https://www.washoeschools.net/about-us-47/contact-us,1,cached,served from local cache,0
Washoe,https://www.washoeschools.net/about-us-47/strategic-plan,1,cached,served from local cache,0
White Pine,https://www.whitepine.k12.nv.us/,0,cached,served from local cache,0
White Pine,https://www.whitepine.k12.nv.us/about,1,cached,served from local cache,0
White Pine,https://steptoe.whitepine.k12.nv.us,1,cached,served from local cache,0
White Pine,https://whitepinehigh.whitepine.k12.nv.us,1,cached,served from local cache,0
White Pine,https://www.whitepine.k12.nv.us/sys/content/newspost/4715f22646d043d88a7537ba64a1a013,1,disallowed,disallowed by robots.txt,0
White Pine,https://www.whitepine.k12.nv.us/sys/content/newspost/dcc53c0b4cab4ab19568b5fe9156c228,1,disallowed,disallowed by robots.txt,0
White Pine,https://steptoe.whitepine.k12.nv.us/about,2,cached,served from local cache,0
White Pine,https://steptoe.whitepine.k12.nv.us/students,2,cached,served from local cache,0
White Pine,https://steptoe.whitepine.k12.nv.us/waitlst,2,cached,served from local cache,0
White Pine,https://steptoe.whitepine.k12.nv.us/sys/content/newspost/4715f22646d043d88a7537ba64a1a013,2,disallowed,disallowed by robots.txt,0
White Pine,https://whitepinehigh.whitepine.k12.nv.us/sys/content/newspost/2167177ecadf41ccb9175615bf819d89,2,disallowed,disallowed by robots.txt,0
White Pine,https://whitepinehigh.whitepine.k12.nv.us/sys/content/newspost/4715f22646d043d88a7537ba64a1a013,2,disallowed,disallowed by robots.txt,0
White Pine,https://whitepinehigh.whitepine.k12.nv.us/Students,2,cached,served from local cache,0
State Public Charter Schools,https://charterschools.nv.gov/,0,cached,served from local cache,0
State Public Charter Schools,https://charterschools.nv.gov/About/About_the_Authority/,1,cached,served from local cache,0
State Public Charter Schools,https://CharterSchools.nv.gov/About/Overview/,1,cached,served from local cache,0
State Public Charter Schools,https://CharterSchools.nv.gov/About/Strategic_Plan/,1,cached,served from local cache,0
State Public Charter Schools,https://CharterSchools.nv.gov/About/Apply_to_Serve_on_the_Authority_Board/,1,cached,served from local cache,0
State Public Charter Schools,https://CharterSchools.nv.gov/About/Authority_Members/,1,cached,served from local cache,0
State Public Charter Schools,https://CharterSchools.nv.gov/About/Contact_Us/,1,cached,served from local cache,0
State Public Charter Schools,https://CharterSchools.nv.gov/About/Listserv/,1,cached,served from local cache,0
State Public Charter Schools,https://CharterSchools.nv.gov/About/StaffDirectory/,1,cached,served from local cache,0
State Public Charter Schools,https://CharterSchools.nv.gov/About/Community_Engagement_and_Access_Liaison/,1,cached,served from local cache,0
State Public Charter Schools,http://charterschools.nv.gov/OpenASchool/Application_Packet/,1,cached,served from local cache,0
State Public Charter Schools,https://charterschools.nv.gov/ForSchools/For_Schools/,1,cached,served from local cache,0
State Public Charter Schools,https://CharterSchools.nv.gov/ForSchools/Resources/,1,cached,served from local cache,0
State Public Charter Schools,https://CharterSchools.nv.gov/ForSchools/Renewal/,1,cached,served from local cache,0
State Public Charter Schools,https://CharterSchools.nv.gov/ForSchools/Accountability/,1,cached,served from local cache,0
State Public Charter Schools,https://CharterSchools.nv.gov/About/Annual_Reporting_Requirements/,1,cached,served from local cache,0
State Public Charter Schools,https://CharterSchools.nv.gov/ForSchools/Federal_and_State_Programs/,1,cached,served from local cache,0
State Public Charter Schools,https://CharterSchools.nv.gov/ForSchools/Governance_Standards/,1,cached,served from local cache,0
State Public Charter Schools,https://CharterSchools.nv.gov/ForSchools/sscalendar/,1,cached,served from local cache,0
State Public Charter Schools,https://charterschools.nv.gov/ForParents/SPCSA_Schools/,1,cached,served from local cache,0
State Public Charter Schools,http://CharterSchools.nv.gov/ForParents/SPCSA_Schools/,1,cached,served from local cache,0
State Public Charter Schools,http://CharterSchools.nv.gov/About/Authority_Members/,2,cached,served from local cache,0
State Public Charter Schools,http://CharterSchools.nv.gov/About/Contact_Us/,2,cached,served from local cache,0
State Public Charter Schools,https://CharterSchools.nv.gov/About/About_the_Authority/,2,cached,served from local cache,0
State Public Charter Schools,https://CharterSchools.nv.gov/ForSchools/For_Schools/,2,cached,served from local cache,0
State Public Charter Schools,https://CharterSchools.nv.gov/ForParents/SPCSA_Schools/,2,cached,served from local cache,0
State Public Charter Schools,http://CharterSchools.nv.gov/uploadedFiles/CharterSchoolsnvgov/content/OpenASchool/251216-2026-SPCSA-NeedsAssessment-Final.pdf,2,error,not HTML: application/pdf,0
State Public Charter Schools,http://charterschools.nv.gov/About/About_the_Authority/,2,cached,served from local cache,0
State Public Charter Schools,http://charterschools.nv.gov/ForSchools/For_Schools/,2,cached,served from local cache,0
State Public Charter Schools,http://charterschools.nv.gov/ForParents/SPCSA_Schools/,2,cached,served from local cache,0
